[
    {
        "Ranking": "1",
        "ID": "CSCI0001",
        "Name": "CSNo.1",
        "Instructor": "Timothy Kim11111",
        "Description": "1111111111111"
    },
    {
        "Ranking": "2",
        "ID": "CSCI0002",
        "Name": "CSNo.2",
        "Instructor": "Timothy Kim12222",
        "Description": "22222222222222222222"
    },
    {
        "Ranking": "3",
        "ID": "CSCI0003",
        "Name": "CSNo.3",
        "Instructor": "Timothy Kim13331",
        "Description": "3333333333333333333"
    }
]
